[
  {
    "question": "Why should I list with you?",
    "answer": "I'm both a licensed real estate broker and a mortgage loan officer—one team, one plan, zero finger‑pointing."
  },
  {
    "question": "How fast can we go from showing to closing?",
    "answer": "With financing pre‑matched and marketing pre‑built, we compress the dead space between interest and offer."
  },
  {
    "question": "What if my listing already expired?",
    "answer": "We relaunch with a financing‑first plan and buyer matching. Fresh eyes, stronger positioning, better traction."
  }
]